"program","label","program_class","collection","set","size","NES","pval","padj","leading_edge"
3,"Protective","survival_active","PDAC_custom","DeSurv_D1_ClassicalTumor",249,1.05833794964593,0.00349632207780768,0.0172334999938414,"TJP3;PLEKHA6;MTMR11;PAQR8;BCAS1;DOK4;TACC2;VSIG2;PTPRH;TRAK1;ZDHHC7;CYP3A5;TMEM63A;CLDN23;TMC5;CLDN18;AHCYL2;KIAA1211;FUT3;FMO5;LAD1;PIP5K1B;TRIM2;SLC9A3;KLF4;B3GNT7;GOLM1;BTNL8;EFHD2;NR1I2;TM4SF5;CORO2A;TMPRSS2;BACE2;ARHGEF16;GATA6;F5;PLXNA2;CDCA7;ST6GALNAC1;SLC9A2;GALNT12;CARD11;ZG16B;TOX3;CAPN9;RHPN2;ETNK1;QSOX1;SLC26A9;IYD;NBEAL2;MANSC1;FOXA2;TMPRSS3;HMGCS2;LLGL2;C2orf72;LGALS4;HNF4A;MUC17;PKDCC;GALNT3;ATP2C2;GDA;PIGR;MYO15B;FLJ23867;SLC25A25;UNC5CL;DMBT1;EPPK1;PTPRN2;SLC12A7;PCDH20;ACSS1;TFF2;SLC12A2;ZC3H12A;SQLE;SCCPDH;MIA;GSTA1;CLMN;VNN1;TNRC18;COL9A2;ATP9A;JUND;SLC19A3"
3,"Protective","survival_active","PDAC_custom","DeSurv_D3_BasalLikeTumor",259,1.05519665784705,0.00382966666529808,0.0172334999938414,"LPCAT4;CYP2S1;ADAP1;NQO1;RAB25;MST1R;SDCBP2;VILL;FA2H;CREB3L1;EFNB1;STARD10;PLLP;AP1M2;EFNA1;EPS8L3;RAPGEFL1;TST;BAIAP2L1;TFF1;AKAP1;TSTA3;EPCAM;LGALS3;ABCC3;EPB41L1;ANXA10;ALDH2;CES2;SLC6A8;OCIAD2;FDFT1;MGLL;HKDC1;B3GNT3;REG4;HSD17B2;FXYD3;TESC;EPS8L1;TSPAN1;FOXQ1;KLF5;PKP3;TSPAN8;S100P;CDHR2;CEACAM6;MUC13;GDF15;PLEK2;CLTB;GJB1;CEACAM5;SOX9;TMC4;TFF3;CLDN7;PPP1R1B;AKR1C3;GSTP1;SFN;HPGD;CEACAM1;TAGLN2;CLDN4;ESRP1;SERINC2;KCNN4;MDK;PDZK1IP1;TCN1;IER2;DUOX2;S100A11;HSPB1;C19orf33;TXN;TOB1;KRT8;FAM83H;KCNK5;CA9;S100A10;S100A14;ASS1;DUOXA2;TSPAN13;IER3;BMP4;IL1RN;ADRA2A;ALDH3B1;GPRC5A;CLDN2;PYGB;GRB7;SEMA3B;SLC39A4;HNF1B;SEMA4B;H1F0;AZGP1;SMAD3;MSLN;CA12;MYEOV;EPHA2;TRIM16;EPHB4;CAMK2N1;CSTB;COL17A1;CAPG;RAP1GAP;BHLHE40;JUP;SH3BGRL3;ID1;AQP5;RNASET2;IFI27;SLPI;MUC5B;MAL2;LRG1;TM4SF1;MALL;MMP28"
3,"Protective","survival_active","KEGG","KEGG_MEDICUS_REFERENCE_ITGA_B_FAK_CDC42_SIGNALING_PATHWAY",14,1.28478662570508,0.00427582813668344,0.0228044167289784,"SRC"
3,"Protective","survival_active","KEGG","KEGG_MEDICUS_REFERENCE_ITGA_B_FAK_RAC_SIGNALING_PATHWAY",14,1.28478662570508,0.00427582813668344,0.0228044167289784,"SRC"
3,"Protective","survival_active","KEGG","KEGG_MEDICUS_REFERENCE_ITGA_B_RHOGAP_RHOA_SIGNALING_PATHWAY",14,1.28478662570508,0.00427582813668344,0.0228044167289784,"SRC"
3,"Protective","survival_active","PDAC_custom","Moffitt_Classical",21,1.17465976278359,0.0117324535065324,0.0351973605195972,"PLA2G10;VSIG2;AGR2;PRR15L;BTNL8;TFF1;LYZ;CTSE;ANXA10;ST6GALNAC1;MYO1A;REG4;AGR3;TSPAN8;LGALS4;CEACAM6;CLRN3;FAM3D;TFF3;TFF2;CDH17"
5,"Genomics-only","genomics_only","Hallmark","HALLMARK_EPITHELIAL_MESENCHYMAL_TRANSITION",152,1.0923351926821,1.24350715531905e-05,0.00054714314834038,"COL1A2;COL5A2;COL3A1;COL12A1;THBS2;HTRA1;CDH11;SPARC;CTHRC1;COL5A1;COL6A3;FAP;DPYSL3;COL1A1;FN1;TIMP3;MMP2;CALU;COL8A2;PRRX1;INHBA;MXRA5;CALD1;ACTA2;VCAN;LRRC15;NID2;COL11A1;EFEMP2;THY1;GJA1;ADAM12;SPOCK1;FBN1;LOX;SERPINH1;MFAP5;TAGLN;FSTL1;COL6A2;LUM;GAS1;LGALS1;PCOLCE;FERMT2;ITGB5;LOXL1;NTM;MMP14;COL5A3;PMP22;THBS1;GREM1;MYL9;LOXL2;POSTN;VIM;FLNA;TPM2;PDGFRB;BMP1;BGN;LAMC1;LRP1;MYLK;COL16A1;EDIL3;TPM1;FBLN2;COL4A1;COL4A2;ITGA5;DCN;ITGAV;PLOD2;WNT5A;FMOD;PLOD1;NNMT;ITGB1;DAB2;CDH2;COMP;RGS4;SNAI2;TGFBI"
5,"Genomics-only","genomics_only","PDAC_custom","DeSurv_D2_StromalImmune",244,1.06131455849325,0.000100961609401092,0.00090865448460983,"COL12A1;CDH11;C1QTNF3;COL8A1;NUAK1;FAP;LAMA4;CTSK;RAB31;PRRX1;INHBA;NID2;COL11A1;CLIC4;ADAM12;FBN1;MSRB3;COL10A1;ADAMTS12;MFAP5;WISP1;SRPX2;EDNRA;MYH10;FERMT2;ADAMTS2;RAI14;ZNF532;SEPT11;CNN3;GREM1;DDR2;RNF144A;COLEC12;TMEM200A;VGLL3;HMCN1;PLXDC2;FRMD6;DSE;PDGFC;MYLK;ASPN;EDIL3;SSPN;HEG1;FAM198B;ABCA1;ENAH;FBXO32;FCGR2A;CDK14;ITGAV;TCF4;SEMA5A;PLOD2;PCDH7;SLC6A6;WNT5A;PLXNC1;LTBP1;SPON1;PRICKLE1;FCGR3A;GFPT2;AXL;ALDH1L2;SEMA3C;SLC2A3;MSR1;ITGA1;TGFBR1;ZEB1;GPNMB;IL1R1;ITGBL1;PDGFRA;PHLDB2;RGS4;BCAT1;FLT1;F13A1;FGF7;CEP170;CCDC80;SLFN11;CYBRD1;SKIL;CNTN1;ZEB2;CHST15;CD109;FPR3;MACF1;FNDC3B;FOXO1;SGMS2;RSAD2;ARID5B;EFEMP1;GBP1;BICC1;PLIN2;STK38L;LMAN1;MRC1;CILP;RHOBTB3;SLCO2B1;WNK1;NOTCH2;FPR1;CD93;OSMR;ZDHHC20;KIAA0754;VCAM1;ALDH1A3;VSIG4;STK17B;ADAM10"
5,"Genomics-only","genomics_only","Reactome","REACTOME_EXTRACELLULAR_MATRIX_ORGANIZATION",170,1.08050378662663,3.00276779217528e-05,0.0103595488830047,"COL1A2;COL5A2;COL3A1;COL12A1;HTRA1;SPARC;PXDN;TIMP2;COL5A1;COL6A3;COL8A1;COL1A1;LAMA4;ITGA11;FN1;CTSK;MMP2;COL8A2;ACTA2;VCAN;NID2;COL11A1;EFEMP2;ADAM12;MFAP2;FBN1;LOX;SERPINH1;COL10A1;MFAP5;COL6A2;LUM;SH3PXD2A;SDC2;PCOLCE;ITGB5;LOXL1;ADAMTS2;MMP14;COL5A3;THBS1;DDR2;LOXL2;EMILIN1;BMP1;BGN;LAMC1;NID1;ACTN1;ASPN;COL16A1;SSPN;FBLN2;LAMB2;COL6A1;COL4A1;COL4A2;MMP11;ITGA5;DCN;LAMB1;ITGAV;PLOD2;LTBP1;CTSB;FMOD;HSPG2;PLOD1;ITGB1;JAM3;ITGA1;ADAM19;COMP;LTBP2;ACTG2;MMP13;TGFB3;FBLN1;EFEMP1;ADAMTS4;COL18A1;SERPINE1;ITGAM;P4HA1;MATN3;MMP9"
5,"Genomics-only","genomics_only","GO_BP","GOBP_CELL_ADHESION",440,1.0536813173775,2.22004772863684e-05,0.0224335822978753,"COL3A1;COL12A1;THBS2;CDH11;ANTXR1;PXDN;COL5A1;COL6A3;COL8A1;NUAK1;FAP;COL1A1;LAMA4;ITGA11;DCHS1;FN1;MMP2;CERCAM;COL8A2;KIF26B;VCAN;NID2;PALLD;EFEMP2;PDPN;THY1;ADAM12;SPOCK1;FBN1;ADAMTS12;PTK7;SRPX2;COL6A2;LGALS1;MYH10;FERMT2;ITGB5;NTM;MMP14;MXRA8;COL5A3;CNN3;THBS1;GREM1;DDR2;MYL9;POSTN;EMILIN1;TWSG1;HMCN1;FLNA;LAMC1;NID1;ISLR;ACTN1;COL16A1;CD276;EDIL3;SSPN;SFRP2;TPM1;FBLN2;LAMB2;MFGE8;COL6A1;TSPAN9;ITGA5;LAMB1;ITGAV;SEMA5A;PCDH7;CD99;WNT5A;PLXNC1;SPON2;CYTH3;NRP2;SPON1;DLC1;PLAU;ITGB1;DAB2;PRICKLE1;JAM3;CSRP1;TLN1;AXL;CDH2;MCAM;TMEM47;ITGA1;ADAM19;GPNMB;B4GALT1;ITGBL1;COMP;IGF2;PDGFRA;PHLDB2;SNAI2;MSN;TGFBI;MYADM;CCDC80;ROBO1;AOC3;FAT1;CNTN1;LRRC32;PLXND1;MACF1;SNED1;SOX4;FBLN1;GBP1;FPR2;COL18A1;SERPINE1;ITGAM;PLAUR;SORBS1;OLR1;COL15A1;IGFBP7;GAS6;WNK1;CADM1;CD55;CD93;ANXA1;SIGLEC1;DPP4;VCAM1;TNC;VSIG4;ADAM10"
5,"Genomics-only","genomics_only","GO_BP","GOBP_TUBE_DEVELOPMENT",310,1.06359575625119,2.13627346883416e-05,0.0224335822978753,"COL3A1;THBS2;SPARC;PXDN;CTHRC1;COL8A1;FAP;DCHS1;FN1;SULF1;MMP2;COL8A2;PRRX1;KIF26B;RCN3;CLIC4;EFEMP2;PDPN;THY1;ADAM12;MICAL2;FBN1;LOX;ADAMTS12;PTK7;SRPX2;UNC5B;EDNRA;ADAMTS2;MMP14;FKBP10;THBS1;GREM1;ISM1;LOXL2;EMILIN1;PDGFRB;LRP1;PDGFC;MYLK;HEG1;SFRP2;MFGE8;COL6A1;COL4A1;COL4A2;ITGA5;FOSL2;DCN;ITGAV;BMPR2;SEMA5A;WNT5A;NRP2;DLC1;HSPG2;ITGB1;RARRES2;MYO1E;PRICKLE1;AMOTL1;NOTCH3;JAM3;CDH2;MCAM;QKI;SEMA3C;HOPX;TGFBR1;ZEB1;GPNMB;B4GALT1;COMP;PDGFRA;MME;TGFBI;FLT1;FGF7;MIB1;SERPINF1;ROBO1;AKT3;ZEB2;CTSZ;PLXND1;TGFB3;HMOX1;SOX4;ELK3;FGFR1;ECM1;COL18A1;SERPINE1;CRISPLD2;SMOC2;YAP1;COL15A1;IGFBP5;PLK2;IGFBP7;WNK1;NOTCH2;CD93;ANXA1;PTGS2;FMNL3;HIF1A"
5,"Genomics-only","genomics_only","GO_BP","GOBP_ANATOMICAL_STRUCTURE_FORMATION_INVOLVED_IN_MORPHOGENESIS",330,1.05385998726148,7.84006243724012e-05,0.0499458259504272,"COL5A2;COL3A1;COL12A1;THBS2;CDH11;SPARC;PXDN;CTHRC1;COL5A1;COL8A1;FAP;COL1A1;DCHS1;FN1;SULF1;MMP2;COL8A2;KIF26B;INHBA;COL11A1;CLIC4;PDPN;THY1;GJA1;ADAM12;MFAP2;PTK7;SRPX2;UNC5B;PTGFRN;SH3PXD2A;EDNRA;MYH10;ITGB5;MMP14;PMP22;THBS1;GREM1;ISM1;MYL9;LOXL2;EMILIN1;TWSG1;PDGFRB;ACTN1;SFRP2;TPM1;MFGE8;COL6A1;COL4A1;COL4A2;ITGA5;DCN;LAMB1;ITGAV;BMPR2;SEMA5A;WNT5A;NRP2;DLC1;HSPG2;FLNC;ITGB1;PRICKLE1;AMOTL1;NOTCH3;JAM3;CSRP1;MCAM;QKI;SEMA3C;HOPX;LMOD1;TGFBR1;GPNMB;B4GALT1;PDGFRA;SNAI2;TGFBI;FLT1;MIB1;SERPINF1;ROBO1;AKT3;SKIL;CNTN1;ZEB2;CD109;PLXND1;TGFB3;HMOX1;ELK3;FGFR1;FPR2;ECM1;COL18A1;SERPINE1;SMOC2;MMP9;COL15A1;PLK2;GPC1;IGFBP7;WNK1;NOTCH2;CD93;ANXA1;PTGS2;FMNL3;HIF1A"
5,"Genomics-only","genomics_only","GO_BP","GOBP_CIRCULATORY_SYSTEM_DEVELOPMENT",317,1.05218093900514,0.000108857968958639,0.0499458259504272,"COL1A2;COL3A1;THBS2;CDH11;SPARC;ANTXR1;FZD1;PXDN;COL5A1;COL8A1;FAP;COL1A1;DCHS1;FN1;SULF1;MMP2;COL8A2;PRRX1;INHBA;ACTA2;COL11A1;CLIC4;EFEMP2;PDPN;THY1;GJA1;ADAM12;PDLIM3;MICAL2;FBN1;LOX;PTK7;SRPX2;UNC5B;EDNRA;MYH10;LOXL1;SH3PXD2B;MMP14;FKBP10;THBS1;GREM1;ISM1;LOXL2;EMILIN1;PDGFRB;LRP1;ID3;MYLK;HEG1;SFRP2;TPM1;MFGE8;COL6A1;COL4A1;COL4A2;ITGA5;DCN;ITGAV;BMPR2;SEMA5A;WNT5A;NRP2;DLC1;HSPG2;ITGB1;MYO1E;PRICKLE1;AMOTL1;NOTCH3;JAM3;CDH2;MCAM;QKI;SEMA3C;HOPX;TGFBR1;GPNMB;B4GALT1;COMP;PDGFRA;RGS4;SNAI2;TGFBI;FLT1;MIB1;SERPINF1;ROBO1;AKT3;PLXND1;FOXO1;TGFB3;HMOX1;SOX4;ELK3;PDLIM7;FGFR1;BICC1;ECM1;COL18A1;SERPINE1;SLC2A10;SMOC2;YAP1;COL15A1;PLK2;IGFBP7;WNK1;NOTCH2;CD93;ANXA1;PTGS2;FMNL3;HIF1A;VCAM1"
5,"Genomics-only","genomics_only","GO_BP","GOBP_TUBE_MORPHOGENESIS",267,1.05632184867144,0.000123567110218771,0.0499458259504272,"COL3A1;THBS2;SPARC;PXDN;CTHRC1;COL8A1;FAP;DCHS1;FN1;SULF1;MMP2;COL8A2;PRRX1;KIF26B;CLIC4;EFEMP2;THY1;ADAM12;MICAL2;LOX;ADAMTS12;PTK7;SRPX2;UNC5B;EDNRA;MMP14;FKBP10;THBS1;GREM1;ISM1;LOXL2;EMILIN1;PDGFRB;LRP1;MYLK;HEG1;SFRP2;MFGE8;COL4A1;COL4A2;ITGA5;DCN;ITGAV;BMPR2;SEMA5A;WNT5A;NRP2;DLC1;HSPG2;ITGB1;MYO1E;PRICKLE1;AMOTL1;NOTCH3;JAM3;CDH2;MCAM;QKI;TGFBR1;ZEB1;GPNMB;B4GALT1;COMP;PDGFRA;TGFBI;FLT1;MIB1;SERPINF1;ROBO1;AKT3;ZEB2;CTSZ;PLXND1;HMOX1;SOX4;ELK3;FGFR1;ECM1;COL18A1;SERPINE1;SMOC2;YAP1;COL15A1;PLK2;IGFBP7;WNK1;NOTCH2;CD93;ANXA1;PTGS2;FMNL3;HIF1A"
5,"Genomics-only","genomics_only","GO_BP","GOBP_ANIMAL_ORGAN_MORPHOGENESIS",250,1.05284033874073,0.000289366222113145,0.0772580160755567,"COL1A2;COL5A2;COL3A1;SPARC;FZD1;CTHRC1;COL5A1;COL8A1;COL1A1;DCHS1;SULF1;MMP2;COL8A2;PRRX1;KIF26B;INHBA;ACTA2;COL11A1;EFEMP2;THY1;MFAP2;MICAL2;FBN1;SERPINH1;MFAP5;PTK7;EDNRA;MMP14;COL5A3;GREM1;TWSG1;BMP1;TUBA1A;CHSY1;ID3;PDGFC;MYLK;ASPN;HEG1;SFRP2;TPM1;COL6A1;SULF2;FOSL2;DCN;LAMB1;BMPR2;WNT5A;NRP2;DLC1;PRICKLE1;CDH2;SEMA3C;TGFBR1;ZEB1;COMP;IGF2;PDGFRA;SNAI2;MSN;FGF7;MIB1;ROBO1;AKT3;ACTG2;APCDD1;CTSZ;PLXND1;MMP13;TGFB3;SOX4;ARID5B;FGFR1;EFEMP1;FPR2;COL18A1;SERPINE1;STC1"
5,"Genomics-only","genomics_only","GO_BP","GOBP_ENZYME_LINKED_RECEPTOR_PROTEIN_SIGNALING_PATHWAY",256,1.05402398845813,0.000344048562434443,0.0772580160755567,"COL1A2;COL3A1;HTRA1;ANTXR1;FZD1;COL1A1;SULF1;MMP2;INHBA;FBN1;LOX;ADAMTS12;FSTL1;NBL1;FERMT2;ITGB5;MMP14;THBS1;GREM1;DDR2;EMILIN1;TWSG1;PDGFRB;LRP1;PDGFC;ASPN;SFRP2;DKK3;COL6A1;COL4A1;COL4A2;SULF2;TSPAN9;ITGA5;DCN;BMPR2;WNT5A;LTBP1;NRP2;FMOD;HTRA3;PLAU;TRIO;ITGB1;RARRES2;DAB2;MYO1E;PRICKLE1;AXL;ITGA1;TGFBR1;ZEB1;IL1R1;COMP;IGF2;IGF2R;PDGFRA;LTBP2;FLT1;FGF7;ROBO1;IGFBP3;AKT3;SKIL;ZEB2;LRRC32;CD109;FOXO1;TGFB3;ARID5B;FGFR1;EFEMP1;IRS1;IGF1R;PLAUR;SLC2A10;SMOC2;SORBS1;MMP9;CILP;IGFBP5;GPC1;GAS6;NOTCH2;CDKN2B;HIF1A"
5,"Genomics-only","genomics_only","GO_BP","GOBP_EXTERNAL_ENCAPSULATING_STRUCTURE_ORGANIZATION",154,1.0708966282835,0.000330377962607867,0.0772580160755567,"COL1A2;COL5A2;COL3A1;COL12A1;ANTXR1;PXDN;AEBP1;COL5A1;COL8A1;FAP;COL1A1;TIMP3;SULF1;CTSK;MMP2;COL8A2;NID2;COL11A1;EFEMP2;PDPN;LOX;SERPINH1;COL10A1;ADAMTS12;LUM;LOXL1;ADAMTS2;SH3PXD2B;MMP14;FKBP10;COL5A3;GREM1;DDR2;LOXL2;COLEC12;POSTN;EMILIN1;HMCN1;BMP1;LAMC1;NID1;LRP1;COL16A1;SFRP2;LAMB2;COL6A1;COL4A1;COL4A2;SULF2;MMP11;LAMB1;PLOD2;FMOD;PLOD1;OLFML2B;ITGB1;MYO1E;PRICKLE1;TGFBR1;B4GALT1;COMP;PDGFRA;PHLDB2;TGFBI;CCDC80;MMP13;FBLN1;ADAMTS4;COL18A1;P4HA1;CRISPLD2;MATN3;SLC2A10;SMOC2;MMP9;PHLDB1;MARCO;COL15A1;GAS6;ANTXR2"
5,"Genomics-only","genomics_only","GO_BP","GOBP_SKELETAL_SYSTEM_DEVELOPMENT",138,1.07720236146812,0.000257468283464926,0.0772580160755567,"COL1A2;COL5A2;COL3A1;CDH11;COL5A1;COL1A1;DCHS1;SULF1;CTSK;MMP2;PRRX1;VCAN;COL11A1;GJA1;FBN1;LOX;SERPINH1;COL10A1;ADAMTS12;ANKH;LUM;EDNRA;SH3PXD2B;MMP14;COL5A3;GREM1;DDR2;KIAA1217;LOXL2;EPYC;BMP1;BGN;MAF;CHSY1;PDGFC;EVC;SFRP2;COL6A1;SULF2;XYLT1;FOSL2;BMPR2;WNT5A;TGFBR1;ZEB1;COMP;PDGFRA;SNAI2;TGFBI;CREB3L2;MMP13;ARID5B;FGFR1;EFEMP1;ADAMTS4;ECM1;COL18A1;STC1;MATN3;SLC2A10;MMP9"
6,"Genomics-only","genomics_only","PDAC_custom","DeSurv_D1_ClassicalTumor",249,1.0620921800931,0.00177638676530138,0.00799374044385619,"AKNA;IL10RA;SMAP2;TNXB;HCLS1;C7;SRPX;IL16;BOC;FHL1;ITM2A;SELL;SFRP1;NGFR;SPOCK2;PODN;FABP4;GFRA1;CORO1A;SFRP4;TMEM119;CCL19;PTGDS;APLNR;ACACB;INPP5D;MS4A1;ZCCHC24;CD79A;ADH1B;NAPSB;PLIN4;SERPINF1;LSP1;FRZB;PLA2G2A;ENPP2;CCND2;PRUNE2;APOD;PTGIS;CLU;RASD1;CPXM2;FOSB;CCL21;SCG2;ACSL1;EGR3;CCL2;CFD;PPP1R12B;NEURL1B;SYNM;SORBS1;ADAMTSL2;SEMA6A;HIPK2;ARHGAP4;PARM1;KIAA1324;CAPN6;CPXM1;FILIP1L;FRY;CADPS;CYP27A1;C1orf21;CHIT1;FMOD;KIF1A;SLC19A3;CHGA;LMOD1;SAA1"
6,"Genomics-only","genomics_only","PDAC_custom","DeSurv_D2_StromalImmune",244,1.06616498430864,0.000911305214720605,0.00799374044385619,"COL14A1;RASSF2;DOCK10;CHRDL1;PTPRC;ABCA8;ITGA4;DOCK2;IGF1;SVEP1;CALCRL;DOCK8;SYNE1;SAMHD1;OGN;CXCR4;FGL2;CYP1B1;INMT;SLIT2;NCKAP1L;CD93;SLA;MAP1B;GPR183;STAB1;CSF1R;CCL5;MS4A7;CD53;CR1;TACC1;HLA-DOA;MS4A6A;MAN1A1;ITPR2;PLEK;LAMA2;CCDC80;NFIB;AOX1;ADAMTS9;SRGN;EFEMP1;ZEB2;ATP8A1;SYNPO2;STK17B;ARID5B;TRIM22;SLC7A2;SLCO2B1;IL1R1;FLRT2;TCF4;CYBB;CFH;EPHA3;PDGFRA;GEM;PDE5A;CD163;SLFN11;RGS1;FOXO1;CILP;CPVL;AKAP2;ELL2;F2R;FAM129A;ZBTB16;CYBRD1;GFPT2;NRP1;SPON1;HBB;FGF7;CPA3;SLC1A3;F13A1;ZEB1;ALDH1A3;FPR1;MRC1;HEG1;GPNMB;CCDC88A;PTPN13;FAM198B;PRICKLE1;SEMA5A;FPR3;DPYD;NOTCH2;SLFN5;PLXDC2;VSIG4;RDX;SORL1;ALDH1L2;PHLDB2;FBN1;SSPN;PLXNC1;ITGBL1;DDR2;FERMT2;BICC1;MYH10;CNTN1"
6,"Genomics-only","genomics_only","GO_BP","GOBP_CELL_ACTIVATION",247,1.08294709726019,4.91102405788506e-05,0.027081537880121,"IKZF1;PREX1;DOCK10;WDFY4;PTPRC;ITGA4;DOCK2;IGF1;IL16;SVEP1;CD48;IL33;DOCK8;IL7R;ITGAL;ITM2A;PECAM1;FGL2;SFRP1;NCKAP1L;CORO1A;CD93;CD4;ATM;GPR183;MMRN1;CCL5;SELP;TNFRSF1B;CCL19;PTGDS;CR1;HLA-DOA;PIK3R1;TNFAIP3;INPP5D;LCP1;MS4A1;HLA-DPB1;PLEK;C3;CD79A;HLA-DPA1;VWF;FCRL5;NR4A3;ZEB2;CD1C;CR2;PLA2G2A;HLA-DMB;IL6ST;SOCS3;SERPINE2;HLA-DRA;CLU;IL1R1;IRF8;CCL21;PDGFRA;TGFBR2;LAPTM5;AKAP12;CD74;HLA-DQA1;EGR3;CCL2;F2R;HLA-DMA;ZBTB16;LIPA;SMAD4;HBB;ITGB2;ZEB1;C1QA;LILRB4;HLA-DQB1;MYC;HLA-DRB1;EGR1;NR4A1;NEDD9;LRRC32;GPNMB;NOTCH2;VSIG4;PBX1;F2RL2;LRP1;ICAM1;APOE;HLA-DQA2;CPLX2;CHGA;SAA1;ITGAM"
6,"Genomics-only","genomics_only","GO_BP","GOBP_LYMPHOCYTE_ACTIVATION",164,1.107213569127,5.36002728948461e-05,0.027081537880121,"IKZF1;PREX1;DOCK10;WDFY4;PTPRC;ITGA4;DOCK2;IGF1;CD48;DOCK8;IL7R;ITGAL;ITM2A;PECAM1;FGL2;SFRP1;NCKAP1L;CORO1A;CD4;ATM;GPR183;CCL5;TNFRSF1B;CCL19;CR1;HLA-DOA;PIK3R1;TNFAIP3;INPP5D;LCP1;MS4A1;HLA-DPB1;C3;CD79A;HLA-DPA1;FCRL5;CD1C;CR2;PLA2G2A;HLA-DMB;IL6ST;SOCS3;HLA-DRA;IRF8;CCL21;TGFBR2;LAPTM5;CD74;HLA-DQA1;EGR3;CCL2;HLA-DMA;ZBTB16;LIPA;ZEB1;LILRB4;HLA-DQB1;MYC;HLA-DRB1;EGR1;NEDD9;LRRC32"
6,"Genomics-only","genomics_only","GO_BP","GOBP_POSITIVE_REGULATION_OF_CELL_CELL_ADHESION",92,1.14600971885933,3.56401774733836e-05,0.027081537880121,"PTPRC;ITGA4;IGF1;DOCK8;IL7R;NCKAP1L;CORO1A;CD4;ETS1;MMRN1;CCL5;SELP;CCL19;CR1;HLA-DOA;HLA-DPB1;HLA-DPA1;NR4A3;HLA-DMB;IL6ST;HLA-DRA;CCL21;SELE;TGFBR2;CD74;HLA-DQA1;EGR3;CCL2;HLA-DMA;ZBTB16;ITGB2;LILRB4;HLA-DQB1;HLA-DRB1"
6,"Genomics-only","genomics_only","GO_BP","GOBP_REGULATION_OF_CELL_POPULATION_PROLIFERATION",389,1.07012731918763,3.90076867104672e-05,0.027081537880121,"IL10RA;TNXB;FBLN5;SLIT3;HCLS1;PTPRC;ADAMTS1;ITGA4;IGF1;SRPX;CALCRL;IL33;IL7R;OGN;CYP1B1;CXCL12;SFRP1;TGFBR3;NGFR;NCKAP1L;PODN;CORO1A;SFRP4;TMEM119;CD4;CSF2RB;ATM;GPR183;ETS1;BTG1;CSF1R;CCL5;TNFRSF1B;NTRK2;CCL19;PTGDS;CR1;THBS4;PIK3R1;APLNR;KLF9;TNFAIP3;INPP5D;DPT;HLA-DPB1;ENG;HLA-DPA1;NFIB;NR4A3;FOLR2;SERPINF1;BTG2;ELN;FRZB;FBLN1;PLA2G2A;HLA-DMB;IL6ST;SERPINE2;CCND2;APOD;TP53INP1;CLU;SCG2;DLC1;IGFBP7;DUSP1;TGFB3;PDGFRA;TGFBR2;LAPTM5;PDCD4;FOXO1;GLP2R;CD74;EGR3;ROBO1;RGS5;AQP1;CCL2;F2R;AKT3;ZBTB16;SGK1;FGFR1;SMAD4;ITGAX;NRP1;DAB2;FGF7;IGFBP5;ZEB1;HIPK2;LILRB4;MYC;HLA-DRB1;CSF3R;EGR1;PDGFD;NR4A1;IAPP;BMP5;LRRC32;CXCL9;ZFP36;MTSS1;TIMP1;GPNMB;CCDC88A;SEMA5A;NOTCH2;VSIG4;RARRES1;PBX1;RBP4;LAMB1;NOTCH1;APOE;SOD2;ODC1;PIM1;DDR2;FERMT2;XBP1;PMP22;ABCC8;NDRG2;SFRP2;ATF3;THBS1;CEBPA;SST"
6,"Genomics-only","genomics_only","GO_BP","GOBP_B_CELL_ACTIVATION",53,1.18901886548259,0.000107729917251396,0.0300706274999054,"DOCK10;PTPRC;ITGA4;IL7R;ITM2A;SFRP1;NCKAP1L;ATM;GPR183;CR1;PIK3R1;TNFAIP3;INPP5D;MS4A1;C3;CD79A;FCRL5;CR2;IL6ST;IRF8;LAPTM5;CD74"
6,"Genomics-only","genomics_only","GO_BP","GOBP_NEGATIVE_REGULATION_OF_RESPONSE_TO_STIMULUS",336,1.07122216507548,0.000105473814164166,0.0300706274999054,"IL10RA;PREX1;RASSF2;ITPR1;SLIT3;CHRDL1;PTPRC;ARHGAP30;IGF1;IL33;IL7R;SAMHD1;FGL2;A2M;CXCL12;SFRP1;SLIT2;TGFBR3;NGFR;NCKAP1L;SFRP4;ATM;MMRN1;CCL5;TNFRSF1B;CR1;APLNR;TNFAIP3;INPP5D;ENG;PLEK;CGNL1;NR4A3;PTPRS;HEYL;CR2;FRZB;FBLN1;IL6ST;SOCS3;SERPINE2;IGFBP4;APOD;PTGIS;CLU;IL1R1;PROS1;SCG2;DLC1;DUSP1;PDGFRA;PDE5A;RGS1;LAPTM5;PDCD4;FOXO1;CILP;CD74;FKBP5;ROBO1;RGS5;CCL2;AKT3;SMAD4;PIK3IP1;NRP1;DAB2;IGFBP5;DCN;RGS2;ADAMTSL2;SEMA6A;SMCHD1;HIPK2;LILRB4;NLRC5;MYC;HLA-DRB1;SERPING1;PRKACB;EGR1;BMP5;LRRC32;BACE1;PER1;HEG1;PRICKLE1;IRAK3;SEMA5A;NCOA7;ARHGAP29;VSIG4;PEG10;SORL1;APLP1;LRP1;ICAM1;PHLDB2;NOTCH1;MEST;APOE;IFI16;SOD2;FBN1;SAA1;PIM1;SERPINE1;XBP1;BICC1;NDRG2;SFRP2;ATF3"
6,"Genomics-only","genomics_only","GO_BP","GOBP_POSITIVE_REGULATION_OF_MULTICELLULAR_ORGANISMAL_PROCESS",363,1.06894160096244,0.000119032666996162,0.0300706274999054,"FZD4;TNXB;HCLS1;PTPRC;IGF1;IL16;SVEP1;IL33;DOCK8;IL7R;CXCR4;CYP1B1;CXCL12;SLIT2;TGFBR3;NGFR;EPAS1;NCKAP1L;CD36;FABP4;CORO1A;TMEM119;CD4;MAP1B;GPR183;ETS1;BTG1;CSF1R;CCL5;SELP;TNFRSF1B;NTRK2;CCL19;LPL;CR1;HLA-DOA;PIK3R1;APLNR;ACACB;INPP5D;RELN;HLA-DPB1;ENG;PLEK;C3;HLA-DPA1;NR4A3;ZEB2;SERPINF1;HLA-DMB;IL6ST;SERPINE2;PTGIS;HLA-DRA;CLU;NIN;IL1R1;FLRT2;IRF8;CCL21;EGR2;FCN1;CYBB;TGFB3;NRXN1;ADCYAP1;TGFBR2;LAPTM5;AKAP12;ACSL1;CD74;HLA-DQA1;EGR3;ROBO1;AQP1;CCL2;F2R;AKT3;HLA-DMA;ZBTB16;FGFR1;SMAD4;SMOC2;ITGAX;NRP1;DAB2;ITGB2;RGS2;QKI;HIPK2;LILRB4;HLA-DQB1;ABAT;MYC;HLA-DRB1;BTN3A2;EGR1;NEDD9;ROCK1;HEG1;IRAK3;SEMA5A;NOTCH2;PLXND1;C6;SORL1;LRP1;NOTCH1;APOE;HLA-DQA2;IFI16;CHGA;CHI3L1;PLXNC1;SAA1;PIM1;SERPINE1;DDR2;FERMT2;XBP1;ABCC8;SFRP2;LPIN1;CD14;THBS1;CEBPA;GAS6;HLA-DRB5;LTBP3;RGS4;CADM1;LTF;FOS;MACF1;FCER1G;HMOX1;ADD3;GRB10;CTSC;ABCA1"
6,"Genomics-only","genomics_only","GO_BP","GOBP_REGULATION_OF_MULTICELLULAR_ORGANISMAL_DEVELOPMENT",320,1.06966999669654,9.98335585276187e-05,0.0300706274999054,"FZD4;COL14A1;RASSF2;APOLD1;FBLN5;HCLS1;PTPRC;ADAMTS1;IGF1;MGP;IL7R;CXCR4;FGL2;CYP1B1;CXCL12;SFRP1;SLIT2;TGFBR3;NGFR;NCKAP1L;CD36;SFRP4;TMEM119;CD4;MAP1B;ETS1;STAB1;BTG1;TNFRSF1B;NTRK2;CCL19;CR1;HLA-DOA;THBS4;PIK3R1;APLNR;ACACB;TNFAIP3;INPP5D;RELN;ENG;C3;LAMA2;ADAMTS9;SRGN;EFEMP1;PTPRS;ZEB2;HEYL;SERPINF1;FRZB;IL6ST;SERPINE2;PTGIS;HLA-DRA;NIN;FLRT2;EGR2;CYBB;NRXN1;TGFBR2;CD74;EGR3;ROBO1;AQP1;AKT3;ZBTB16;FGFR1;SMAD4;SMOC2;ITGAX;NRP1;DCN;ITGB2;RGS2;SEMA6A;ZEB1;QKI;HIPK2;LILRB4;MYC;HLA-DRB1;CSF3R;ARHGAP4;NEDD9;ROCK1;C1QC;ZFP36;GPNMB;PTPN13;SEMA5A;NOTCH2;PLXND1;RBP4;C6;SORL1;LAMB1;NOTCH1;MEST;SYT4;FBN1;CHI3L1;PLXNC1;PIM1;SERPINE1;DDR2;XBP1;ABCC8;SFRP2;LPIN1"
6,"Genomics-only","genomics_only","GO_BP","GOBP_CELL_ADHESION",440,1.0608916969781,0.000159842790839238,0.0314502462653112,"AKNA;FZD4;PREX1;COL14A1;TNXB;FBLN5;SPARCL1;PTPRC;ITGA4;IGF1;SRPX;SVEP1;BOC;DOCK8;IL7R;ITGAL;SELL;CXCR4;PECAM1;FGL2;CYP1B1;UTRN;CXCL12;SFRP1;CYFIP2;SPOCK2;NCKAP1L;CD36;MFAP4;CORO1A;CD93;CD4;ATM;ETS1;MMRN1;STAB1;CCL5;SELP;CCL19;CR1;HLA-DOA;THBS4;PIK3R1;DPT;RELN;HLA-DPB1;ENG;PLEK;LAMA2;CCDC80;HLA-DPA1;VWF;ADAMTS9;NR4A3;PTPRS;FOLR2;FBLN1;PLA2G2A;HLA-DMB;IL6ST;SERPINE2;APOD;HLA-DRA;FLRT2;CCL21;DLC1;IGFBP7;SELE;AOC3;DUSP1;EPHA3;NRXN1;PDGFRA;TGFBR2;LAPTM5;CD74;HLA-DQA1;EGR3;ROBO1;CCL2;HLA-DMA;ZBTB16;SNED1;COL15A1;ITGAX;NRP1;SPON1;DAB2;HBB;ITGB2;SORBS1;SEMA6A;NRCAM;LILRB4;HLA-DQB1;JAM3;CDH19;HLA-DRB1;CSF3R;NEDD9;ROCK1;BMP5;LRRC32;FBLN2;MTSS1;SIGLEC14;GPNMB;PRICKLE1;SEMA5A;SIGLEC1;VSIG4;LIMCH1;PLXND1;APLP1;LAMB1;CTNND2;ICAM1;PHLDB2;NOTCH1;HLA-DQA2;FBN1;SSPN;PLXNC1;SAA1;ITGAM;ITGBL1;LGALS2;CYTH3;SERPINE1;DDR2;FERMT2;XBP1;SFRP2;MYH10;CNTN1;THBS1;LAMC3;GAS6;HLA-DRB5;NID1;SELPLG"
6,"Genomics-only","genomics_only","GO_BP","GOBP_CIRCULATORY_SYSTEM_DEVELOPMENT",317,1.07525718910948,0.000162110026722544,0.0314502462653112,"FZD4;COL14A1;APOLD1;FBLN5;SLIT3;ADAMTS1;IGF1;SVEP1;CALCRL;CXCR4;PECAM1;CYP1B1;CXCL12;SFRP1;SLIT2;TGFBR3;NGFR;EPAS1;CD36;CD93;ATM;ETS1;MMRN1;ABCC9;STAB1;BTG1;FMNL3;TNFRSF1B;NTRK2;THBS4;APLNR;ACACB;TNFAIP3;ENG;C3;ADAMTS9;HEYL;SERPINF1;ELN;SOCS3;APOD;CPE;PTGIS;FLRT2;SCG2;DLC1;EGR2;IGFBP7;CYBB;TGFB3;NRXN1;PDGFRA;TGFBR2;PDCD4;FOXO1;EGR3;ROBO1;AQP1;CCL2;CFD;AKT3;LIPA;FGFR1;SMAD4;COL15A1;SMOC2;ITGAX;NRP1;DCN;ITGB2;RGS2;SEMA6A;NRCAM;QKI;HIPK2;DZIP1;JAM3;EGR1;PDGFD;NR4A1;ROCK1;BMP5;HEG1;GPNMB;PRICKLE1;SEMA5A;AMOTL1;NOTCH2;PLXND1;RBP4;C6;LRP1;NOTCH1;MYH11;APOE;SOD2;FBN1;CHI3L1;PIM1;NEB;SERPINE1;XBP1;HS6ST1;ABCC8;BICC1;SFRP2;MYH10;THBS1"
6,"Genomics-only","genomics_only","GO_BP","GOBP_CYTOKINE_MEDIATED_SIGNALING_PATHWAY",112,1.11745033685043,0.000171178975219408,0.0314502462653112,"FZD4;IL10RA;SLIT3;HCLS1;PTPRC;IL16;IL33;IL7R;SAMHD1;CXCR4;CXCL12;SLIT2;CD4;CSF2RB;PLVAP;CSF1R;CCL5;TNFRSF1B;CCL19;PIK3R1;TNFAIP3;CIITA;CR2;IL6ST;SOCS3;IL1R1;CCL21;LAPTM5;ACSL1;CD74;ROBO1;CCL2;SMAD4;LILRB4;NLRC5;CSF3R;EGR1;CXCL9"
6,"Genomics-only","genomics_only","GO_BP","GOBP_ANATOMICAL_STRUCTURE_FORMATION_INVOLVED_IN_MORPHOGENESIS",330,1.06534909776819,0.000223325539389907,0.0371927637081274,"FZD4;APOLD1;FBLN5;ADAMTS1;ITGA4;DOCK2;CALCRL;PECAM1;CYP1B1;SFRP1;SLIT2;TGFBR3;NGFR;EPAS1;CD36;CD93;ATM;ETS1;MMRN1;STAB1;BTG1;FMNL3;CD53;THBS4;APLNR;TNFAIP3;RELN;ENG;C3;NFIB;ADAMTS9;NR4A3;ZEB2;HEYL;SERPINF1;APOD;PTGIS;SCG2;DLC1;EGR2;IGFBP7;CYBB;DUSP1;TGFB3;NRXN1;PDGFRA;TGFBR2;EGR3;ROBO1;AQP1;CCL2;AKT3;FGFR1;SMAD4;COL15A1;SMOC2;ITGAX;NRP1;DCN;ITGB2;SEMA6A;NRCAM;QKI;HIPK2;JAM3;ALDH1A3;PRKACB;CSF3R;NR4A1;ROCK1;BMP5;CXCL9;GPNMB;PRICKLE1;SEMA5A;AMOTL1;NOTCH2;PLXND1;RBP4;C6;LAMB1;RPL17;NOTCH1;MYH11;LMOD1;CHI3L1;PIM1;NEB;SERPINE1;XBP1;HS6ST1;PMP22;ABCC8;SFRP2;MYH10;CNTN1;THBS1"
6,"Genomics-only","genomics_only","GO_BP","GOBP_POSITIVE_REGULATION_OF_DEVELOPMENTAL_PROCESS",289,1.07013120735132,0.000239240934292754,0.0371927637081274,"FZD4;TNXB;HCLS1;PTPRC;IGF1;BOC;IL7R;CXCR4;CYP1B1;CXCL12;SFRP1;SLIT2;TGFBR3;NGFR;NCKAP1L;CD36;SFRP4;TMEM119;CD4;MAP1B;ETS1;BTG1;CD53;TNFRSF1B;NTRK2;CCL19;LPL;CR1;APLNR;ACACB;INPP5D;RELN;ENG;C3;LAMA2;ADAMTS9;ZEB2;HEYL;SERPINF1;FRZB;PLA2G2A;ENPP2;IL6ST;SOCS3;SERPINE2;PTGIS;HLA-DRA;NIN;FLRT2;TCF4;EGR2;CYBB;TGFB3;NRXN1;TGFBR2;CD74;EGR3;ROBO1;AQP1;AKT3;ZBTB16;FGFR1;SMAD4;SMOC2;ITGAX;NRP1;DAB2;DCN;ITGB2;ZEB1;NRCAM;QKI;HIPK2;LILRB4;MYC;HLA-DRB1;NEDD9;BMP5;CXCL9;ZFP36;SEMA5A;NOTCH2;PLXND1;C6;SORL1;LAMB1;NOTCH1;SYT4;APOE;SOD2;CHI3L1;PLXNC1;PIM1;SERPINE1;CEBPD;DDR2;FERMT2;XBP1;SFRP2;THBS1;CEBPA;GAS6;LTBP3;NID1;MSR1;NEUROD1;LTF;FOS;MACF1;HMOX1"
6,"Genomics-only","genomics_only","GO_BP","GOBP_CELL_MIGRATION",426,1.05930389672339,0.000344048562434443,0.0386290080377783,"FZD4;PREX1;TNXB;DOCK10;SLIT3;PTPRC;ADAMTS1;ITGA4;DOCK2;IGF1;IL16;IL33;DOCK8;ITGAL;SELL;CXCR4;PECAM1;CYP1B1;CXCL12;SFRP1;SLIT2;TGFBR3;NGFR;NCKAP1L;PODN;GFRA1;CORO1A;CD4;ATM;MAP1B;PLVAP;GPR183;ETS1;MMRN1;BTG1;FMNL3;CSF1R;CCL5;SELP;NTRK2;CCL19;THBS4;PIK3R1;LCP1;RELN;ENG;C3;LAMA2;ARHGDIB;ADAMTS9;NR4A3;FOLR2;ZEB2;ATP8A1;SYNPO2;FBLN1;ENPP2;SERPINE2;APOD;ARID5B;TP53INP1;IL1R1;FLRT2;CCL21;SCG2;DLC1;SELE;DUSP1;EPHA3;PDGFRA;TGFBR2;AKAP12;CD74;EGR3;ROBO1;AQP1;CCL2;F2R;AKT3;FGFR1;SMAD4;SMOC2;ITGAX;TNS1;NRP1;DAB2;FGF7;IGFBP5;DCN;ITGB2;SEMA6A;NRCAM;JAM3;CDH19;MATN2;CSF3R;PDGFD;ARHGAP4;NR4A1;NEDD9;ROCK1;BMP5;CXCL9;TIMP1;GPNMB;CCDC88A;PRICKLE1;SEMA5A;AMOTL1;LIMCH1;PLXND1;SORL1;LRP1;LAMB1;ICAM1;PHLDB2;NOTCH1;MEST;APOE;SOD2;CHGA;PLXNC1;SAA1;ITGBL1;DPEP1;SERPINE1;DDR2;FERMT2;XBP1;ABCC8;SFRP2;MYH10;FSTL1;THBS1"
6,"Genomics-only","genomics_only","GO_BP","GOBP_LEUKOCYTE_PROLIFERATION",88,1.12706493961218,0.000344048562434443,0.0386290080377783,"PTPRC;DOCK2;IGF1;IL33;DOCK8;IL7R;NCKAP1L;CORO1A;CD4;CSF2RB;ATM;GPR183;CSF1R;CCL5;TNFRSF1B;CCL19;CR1;TNFAIP3;INPP5D;MS4A1;HLA-DPB1;CD79A;HLA-DPA1;CR2;PLA2G2A;HLA-DMB;IL6ST;CLU;TGFBR2;LAPTM5;CD74;LIPA;LILRB4;MYC;HLA-DRB1;LRRC32;GPNMB"
6,"Genomics-only","genomics_only","GO_BP","GOBP_POSITIVE_REGULATION_OF_CELL_ADHESION",148,1.09344964967134,0.000289366222113145,0.0386290080377783,"PREX1;PTPRC;ITGA4;IGF1;DOCK8;IL7R;UTRN;CXCL12;SFRP1;SPOCK2;NCKAP1L;CD36;CORO1A;CD4;ATM;ETS1;MMRN1;CCL5;SELP;CCL19;CR1;HLA-DOA;HLA-DPB1;LAMA2;CCDC80;HLA-DPA1;NR4A3;FBLN1;HLA-DMB;IL6ST;HLA-DRA;CCL21;SELE;TGFBR2;CD74;HLA-DQA1;EGR3;CCL2;HLA-DMA;ZBTB16;NRP1;DAB2;ITGB2;LILRB4;HLA-DQB1;HLA-DRB1;NEDD9;ROCK1;FBLN2"
6,"Genomics-only","genomics_only","GO_BP","GOBP_POSITIVE_REGULATION_OF_LEUKOCYTE_PROLIFERATION",39,1.20758234649568,0.000339491694894533,0.0386290080377783,"PTPRC;IGF1;NCKAP1L;CORO1A;CD4;CSF2RB;GPR183;CSF1R;CCL5;CCL19;HLA-DPB1;HLA-DPA1;HLA-DMB;IL6ST;TGFBR2;CD74"
6,"Genomics-only","genomics_only","GO_BP","GOBP_VASCULATURE_DEVELOPMENT",247,1.07331931239425,0.000275695666483964,0.0386290080377783,"FZD4;APOLD1;FBLN5;ADAMTS1;IGF1;SVEP1;CALCRL;CXCR4;PECAM1;CYP1B1;CXCL12;SFRP1;SLIT2;TGFBR3;NGFR;EPAS1;CD36;CD93;ETS1;MMRN1;ABCC9;STAB1;BTG1;FMNL3;NTRK2;THBS4;APLNR;TNFAIP3;ENG;C3;ADAMTS9;SERPINF1;SOCS3;APOD;PTGIS;SCG2;EGR2;IGFBP7;CYBB;NRXN1;PDGFRA;TGFBR2;PDCD4;FOXO1;EGR3;ROBO1;AQP1;CCL2;CFD;AKT3;LIPA;FGFR1;COL15A1;SMOC2;ITGAX;NRP1;DCN;ITGB2;SEMA6A;NRCAM;QKI;HIPK2;JAM3;EGR1;PDGFD;NR4A1;ROCK1;HEG1;GPNMB;PRICKLE1;SEMA5A;AMOTL1;NOTCH2;PLXND1;C6;LRP1;NOTCH1;APOE;SOD2;CHI3L1;SERPINE1;XBP1;HS6ST1;ABCC8;SFRP2;MYH10;THBS1"
6,"Genomics-only","genomics_only","GO_BP","GOBP_LYMPHOCYTE_DIFFERENTIATION",83,1.12883039106172,0.00038961728125617,0.0414429750220379,"IKZF1;PREX1;DOCK10;PTPRC;ITGA4;DOCK2;IL7R;ITM2A;FGL2;SFRP1;NCKAP1L;CD4;ATM;GPR183;CCL19;CR1;HLA-DOA;PIK3R1;INPP5D;MS4A1;CD79A;CR2;IL6ST;SOCS3;HLA-DRA;IRF8;TGFBR2;LAPTM5;CD74;EGR3;ZBTB16;LIPA;ZEB1;LILRB4;HLA-DRB1;EGR1"
6,"Genomics-only","genomics_only","GO_BP","GOBP_POSITIVE_REGULATION_OF_LEUKOCYTE_CELL_CELL_ADHESION",72,1.14302935664347,0.000471686013033532,0.0476638716170384,"PTPRC;ITGA4;IGF1;DOCK8;IL7R;NCKAP1L;CORO1A;CD4;ETS1;CCL5;SELP;CCL19;CR1;HLA-DOA;HLA-DPB1;HLA-DPA1;NR4A3;HLA-DMB;IL6ST;HLA-DRA;CCL21;SELE;TGFBR2;CD74;HLA-DQA1;EGR3;CCL2;HLA-DMA;ZBTB16;ITGB2;LILRB4;HLA-DQB1;HLA-DRB1"
6,"Genomics-only","genomics_only","GO_BP","GOBP_CELL_MOTILITY",439,1.05877014697551,0.000526638086934344,0.0506826463663957,"FZD4;PREX1;TNXB;DOCK10;SLIT3;PTPRC;ADAMTS1;ITGA4;DOCK2;IGF1;IL16;IL33;DOCK8;ITGAL;SELL;CXCR4;PECAM1;CYP1B1;CXCL12;SFRP1;SLIT2;TGFBR3;NGFR;SPOCK2;NCKAP1L;PODN;GFRA1;CORO1A;CD4;ATM;MAP1B;PLVAP;GPR183;ETS1;MMRN1;BTG1;FMNL3;CSF1R;CCL5;SELP;NTRK2;CCL19;THBS4;PIK3R1;LCP1;RELN;ENG;C3;LAMA2;ARHGDIB;ADAMTS9;NR4A3;FOLR2;ZEB2;ATP8A1;SYNPO2;FBLN1;ENPP2;SERPINE2;APOD;ARID5B;TP53INP1;IL1R1;FLRT2;CCL21;SCG2;DLC1;SELE;DUSP1;EPHA3;PDGFRA;TGFBR2;AKAP12;CD74;EGR3;ROBO1;AQP1;CCL2;F2R;AKT3;FGFR1;SMAD4;SMOC2;ITGAX;TNS1;NRP1;DAB2;FGF7;IGFBP5;DCN;ITGB2;SEMA6A;NRCAM;DZIP1;JAM3;CDH19;MATN2;CSF3R;PDGFD;ARHGAP4;NR4A1;NEDD9;ROCK1;BMP5;CXCL9;TIMP1;GPNMB;CCDC88A;PLTP;PRICKLE1;SEMA5A;AMOTL1;LIMCH1;PLXND1;SORL1;LRP1;LAMB1;ICAM1;PHLDB2;NOTCH1;MEST;APOE;SOD2;CHGA;PLXNC1;SAA1;ITGBL1;DPEP1;SERPINE1;DDR2;FERMT2;XBP1;ABCC8;SFRP2;MYH10;FSTL1;THBS1"
6,"Genomics-only","genomics_only","Hallmark","HALLMARK_KRAS_SIGNALING_UP",101,1.09824547250398,0.00129777985959004,0.0571023138219617,"IKZF1;IL10RA;SPARCL1;DOCK2;IL33;IL7R;CXCR4;PECAM1;PLVAP;ETS1;TNFRSF1B;TNFAIP3;LCP1;RELN;ENG;ABCB1;CCND2;APOD;CPE;NIN;IRF8;CFH;ST6GAL1;LAPTM5;AKAP12;GFPT2;NRP1;SPON1;ITGB2;F13A1;ALDH1A3;SCG5;EMP1;SCG3;GPNMB"
6,"Genomics-only","genomics_only","GO_BP","GOBP_IMMUNE_EFFECTOR_PROCESS",138,1.08946502372049,0.00077392377801103,0.0579296279763071,"DOCK10;PTPRC;C7;DOCK2;IL33;IL7R;ITGAL;ITM2A;FGL2;A2M;NCKAP1L;CD36;CORO1A;CSF2RB;GPR183;TNFRSF1B;CCL19;PTGDS;CR1;PIK3R1;INPP5D;LCP1;C3;NR4A3;CD1C;CR2;C1S;HLA-DMB;IL6ST;SOCS3;HLA-DRA;CLU;IL1R1;IRF8;C1R;FCN1;CFH;TGFB3;LAPTM5;CD74;CFD;LIPA;ITGB2;C1QA;LILRB4;HLA-DRB1;SERPING1;BTN3A2;C1QB;C4A;C1QC;COLEC11;IRAK3;NOTCH2;VSIG4;RBP4;C6;LRP1;ICAM1;CPLX2;CHGA;ITGAM"
6,"Genomics-only","genomics_only","GO_BP","GOBP_REGULATION_OF_CELL_ADHESION",245,1.06743231791229,0.000691495045822582,0.0579296279763071,"AKNA;FZD4;PREX1;TNXB;PTPRC;ITGA4;IGF1;DOCK8;IL7R;CXCR4;FGL2;CYP1B1;UTRN;CXCL12;SFRP1;SPOCK2;NCKAP1L;CD36;CORO1A;CD4;ATM;ETS1;MMRN1;CCL5;SELP;CCL19;CR1;HLA-DOA;PIK3R1;HLA-DPB1;ENG;LAMA2;CCDC80;HLA-DPA1;NR4A3;FBLN1;PLA2G2A;HLA-DMB;IL6ST;SERPINE2;APOD;HLA-DRA;CCL21;DLC1;SELE;DUSP1;EPHA3;TGFBR2;LAPTM5;CD74;HLA-DQA1;EGR3;CCL2;HLA-DMA;ZBTB16;NRP1;DAB2;ITGB2;SEMA6A;LILRB4;HLA-DQB1;JAM3;HLA-DRB1;NEDD9;ROCK1;LRRC32;FBLN2;GPNMB;SEMA5A;VSIG4;LIMCH1;PLXND1;LAMB1;PHLDB2;NOTCH1;HLA-DQA2;PLXNC1;SAA1;CYTH3;SERPINE1;FERMT2;XBP1;SFRP2"
6,"Genomics-only","genomics_only","GO_BP","GOBP_REGULATION_OF_CELL_DIFFERENTIATION",312,1.06082985350025,0.000764765024259939,0.0579296279763071,"FZD4;RASSF2;APOLD1;TNXB;HCLS1;PTPRC;IGF1;BOC;IL7R;CXCR4;FGL2;CXCL12;SFRP1;SLIT2;SPOCK2;NCKAP1L;CD36;SFRP4;TMEM119;CD4;MAP1B;ETS1;BTG1;TNFRSF1B;NTRK2;CCL19;LPL;CR1;HLA-DOA;PIK3R1;INPP5D;RELN;ENG;LAMA2;ADAMTS9;EFEMP1;PTPRS;ZEB2;HEYL;SERPINF1;FRZB;PLA2G2A;IL6ST;SOCS3;SERPINE2;TP53INP1;HLA-DRA;NIN;TCF4;EGR2;TGFB3;EPHA3;PDGFRA;TGFBR2;PDCD4;FOXO1;CD74;EGR3;ROBO1;ZBTB16;FGFR1;SMAD4;NRP1;DAB2;IGFBP5;RGS2;ZEB1;NRCAM;QKI;LILRB4;MYC;HLA-DRB1;CSF3R;ARHGAP4;NEDD9;ROCK1;IAPP;BMP5;CXCL9;C1QC;ZFP36;PRICKLE1;SEMA5A;NOTCH2;PBX1;PLXND1;SORL1;LAMB1;NOTCH1;MEST;SYT4;SOD2;FBN1;PLXNC1;PIM1;SERPINE1;CEBPD;DDR2;FERMT2;XBP1;ABCC8;SFRP2;CEBPA;GAS6;LTBP3;NID1;MSR1;RGS4;NEUROD1;LTF;FOS;MACF1"
6,"Genomics-only","genomics_only","GO_BP","GOBP_REGULATION_OF_IMMUNE_SYSTEM_PROCESS",320,1.05903479441391,0.000718971276171434,0.0579296279763071,"RASSF2;HCLS1;PTPRC;ITGA4;C7;IGF1;IL16;IL33;DOCK8;IL7R;SAMHD1;FGL2;A2M;CXCL12;SFRP1;SLIT2;NCKAP1L;CD36;CORO1A;CD4;ATM;PLVAP;GPR183;ETS1;CSF1R;CCL5;SELP;TNFRSF1B;CCL19;CR1;HLA-DOA;THBS4;PIK3R1;TNFAIP3;INPP5D;MS4A1;HLA-DPB1;C3;CD79A;HLA-DPA1;NR4A3;PTPRS;CD1C;CR2;PLA2G2A;C1S;HLA-DMB;IL6ST;APOD;HLA-DRA;CLU;IL1R1;C1R;CCL21;FCN1;SELE;DUSP1;CFH;TGFB3;TGFBR2;LAPTM5;CD74;HLA-DQA1;EGR3;CCL2;CFD;TSC22D3;HLA-DMA;ZBTB16;LIPA;ITGB2;ZEB1;QKI;C1QA;LILRB4;HLA-DQB1;NLRC5;JAM3;MYC;HLA-DRB1;SERPING1;BTN3A2;C1QB;CSF3R;PDGFD;FPR1;NEDD9;C4A;BMP5;LRRC32;C1QC;COLEC11;ZFP36;GPNMB;IRAK3;FPR3;NOTCH2;VSIG4;RBP4;C6;ICAM1;APOE;HLA-DQA2;IFI16;FBN1;ITGAM;PIM1;PIK3AP1;SERPINE1;XBP1;CD14;THBS1;CEBPA;GAS6;HLA-DRB5;CTSS;CADM1;LTF;COLEC12;FOS;FCER1G;HMOX1;FCGR3B;RNF144A;CTSC;CFI;VCAM1"
6,"Genomics-only","genomics_only","GO_BP","GOBP_REGULATION_OF_PROGRAMMED_CELL_DEATH",295,1.06078847172705,0.00072813002286025,0.0579296279763071,"RASSF2;ITPR1;HCLS1;PTPRC;ITGA4;IGF1;SRPX;DOCK8;IL7R;CYP1B1;CXCL12;SFRP1;SLIT2;NGFR;NCKAP1L;CORO1A;SFRP4;ATM;ETS1;ABCC9;BTG1;CSF1R;CCL5;TNFRSF1B;NTRK2;CCL19;PIK3R1;TNFAIP3;INPP5D;ENG;NR4A3;ZEB2;BTG2;STK17B;FRZB;IL6ST;SOCS3;CCND2;PTGIS;TP53INP1;CLU;CCL21;SCG2;DLC1;DUSP1;TGFB3;LAPTM5;PDCD4;AKAP12;FOXO1;CD74;EGR3;AQP1;CCL2;F2R;AKT3;TSC22D3;ZBTB16;SGK1;FGFR1;SMAD4;NRP1;DAB2;HIPK2;GADD45B;MYC;ALDH1A3;EGR1;KCNMA1;NR4A1;ROCK1;IAPP;BMP5;BACE1;ZFP36;TIMP1;TXNDC5;SEMA5A;NOTCH2;PLXND1;ICAM1;NOTCH1;APOE;SOD2;LGALS2;PIM1;SERPINE1;DDR2;XBP1;SFRP2;ATF3;RPL26;FSTL1;THBS1;GSN;GAS6;NEUROD1;ITPRIP;TXNIP;LTF;ITGA1;PNMA2;FCER1G;HMOX1"
6,"Genomics-only","genomics_only","GO_BP","GOBP_TUBE_DEVELOPMENT",310,1.06166528152153,0.000645701365101155,0.0579296279763071,"FZD4;APOLD1;FBLN5;ADAMTS1;IGF1;CALCRL;PECAM1;CYP1B1;SFRP1;SLIT2;TGFBR3;NGFR;EPAS1;CD36;CD93;ETS1;MMRN1;STAB1;BTG1;FMNL3;CSF1R;NTRK2;THBS4;APLNR;TNFAIP3;ENG;C3;NFIB;ADAMTS9;CRISPLD2;NR4A3;ZEB2;HEYL;SERPINF1;IL6ST;SERPINE2;APOD;PTGIS;SCG2;DLC1;IGFBP7;CYBB;TGFB3;NRXN1;PDGFRA;TGFBR2;EGR3;ROBO1;AQP1;CCL2;AKT3;LIPA;FGFR1;SMAD4;COL15A1;SMOC2;ITGAX;NRP1;FGF7;IGFBP5;DCN;ITGB2;ADAMTSL2;SEMA6A;ZEB1;NRCAM;QKI;HIPK2;JAM3;MYC;PRKACB;NR4A1;ROCK1;BMP5;MTSS1;HEG1;GPNMB;PRICKLE1;SEMA5A;AMOTL1;NOTCH2;PBX1;PLXND1;RBP4;C6;LRP1;NOTCH1;APOE;FBN1;CHI3L1;SERPINE1;XBP1;HS6ST1;ABCC8;SFRP2;THBS1;CEBPA"
6,"Genomics-only","genomics_only","GO_BP","GOBP_FEMALE_GAMETE_GENERATION",14,1.2767312380994,0.000847193850113917,0.0611492418242938,"ADAMTS1;IGF1;ATM"
6,"Genomics-only","genomics_only","GO_BP","GOBP_LOCOMOTION",343,1.05905246058903,0.000911305214720605,0.0613915946316781,"FZD4;PREX1;TNXB;DOCK10;SLIT3;PTPRC;ADAMTS1;ITGA4;DOCK2;IGF1;IL16;IL33;DOCK8;CXCR4;PECAM1;CYP1B1;CXCL12;SFRP1;SLIT2;TGFBR3;NGFR;SPOCK2;NCKAP1L;PODN;CORO1A;CD4;ATM;PLVAP;GPR183;ETS1;MMRN1;CSF1R;CCL5;SELP;CCL19;THBS4;PIK3R1;RELN;ENG;C3;LAMA2;ARHGDIB;ADAMTS9;NR4A3;FOLR2;ZEB2;ATP8A1;SYNPO2;LSP1;FBLN1;ENPP2;SERPINE2;APOD;TP53INP1;IL1R1;FLRT2;CCL21;SCG2;DLC1;SELE;DUSP1;PDGFRA;TGFBR2;AKAP12;CD74;EGR3;ROBO1;AQP1;CCL2;F2R;AKT3;FGFR1;SMOC2;ITGAX;NRP1;DAB2;FGF7;IGFBP5;DCN;ITGB2;SEMA6A;JAM3;CSF3R;PDGFD;ARHGAP4;NR4A1;FPR1;NEDD9;ROCK1;BMP5;CXCL9;TIMP1;GPNMB;SEMA5A;FPR3;AMOTL1;LIMCH1;PLXND1;SORL1;LRP1;LAMB1;ICAM1;PHLDB2;NOTCH1;APOE;SOD2;CHGA;PLXNC1;SAA1;DPEP1;SERPINE1;DDR2;FERMT2;XBP1;ABCC8;SFRP2"
6,"Genomics-only","genomics_only","GO_BP","GOBP_MONONUCLEAR_CELL_DIFFERENTIATION",114,1.09616691173425,0.000892987677723624,0.0613915946316781,"IKZF1;PREX1;DOCK10;HCLS1;PTPRC;ITGA4;DOCK2;IL33;IL7R;ITM2A;FGL2;SFRP1;NCKAP1L;CD4;ATM;GPR183;CSF1R;CCL19;CR1;HLA-DOA;PIK3R1;INPP5D;MS4A1;CD79A;CR2;IL6ST;SOCS3;HLA-DRA;IRF8;TGFBR2;LAPTM5;CD74;EGR3;ZBTB16;LIPA;ZEB1;QKI;LILRB4;MYC;HLA-DRB1;EGR1"
6,"Genomics-only","genomics_only","GO_BP","GOBP_TUBE_MORPHOGENESIS",267,1.06483311790698,0.00104006956604479,0.0678058255798875,"FZD4;APOLD1;FBLN5;ADAMTS1;IGF1;CALCRL;PECAM1;CYP1B1;SFRP1;SLIT2;TGFBR3;NGFR;EPAS1;CD36;CD93;ETS1;MMRN1;STAB1;BTG1;FMNL3;CSF1R;NTRK2;THBS4;APLNR;TNFAIP3;ENG;C3;NFIB;ADAMTS9;NR4A3;ZEB2;SERPINF1;APOD;PTGIS;SCG2;DLC1;IGFBP7;CYBB;NRXN1;PDGFRA;TGFBR2;EGR3;ROBO1;AQP1;CCL2;AKT3;FGFR1;SMAD4;COL15A1;SMOC2;ITGAX;NRP1;DCN;ITGB2;SEMA6A;ZEB1;NRCAM;QKI;HIPK2;JAM3;MYC;PRKACB;NR4A1;ROCK1;BMP5;MTSS1;HEG1;GPNMB;PRICKLE1;SEMA5A;AMOTL1;NOTCH2;PBX1;PLXND1;C6;LRP1;NOTCH1;APOE;CHI3L1;SERPINE1;XBP1;HS6ST1;ABCC8;SFRP2"
6,"Genomics-only","genomics_only","GO_BP","GOBP_REGULATION_OF_LEUKOCYTE_PROLIFERATION",68,1.12428179147272,0.00115051668685811,0.0726623195043828,"PTPRC;IGF1;IL33;NCKAP1L;CORO1A;CD4;CSF2RB;ATM;GPR183;CSF1R;CCL5;TNFRSF1B;CCL19;CR1;TNFAIP3;INPP5D;HLA-DPB1;HLA-DPA1;PLA2G2A;HLA-DMB;IL6ST;TGFBR2;LAPTM5;CD74;LILRB4;HLA-DRB1;LRRC32;GPNMB;VSIG4"
6,"Genomics-only","genomics_only","GO_BP","GOBP_NEGATIVE_REGULATION_OF_CELL_POPULATION_PROLIFERATION",175,1.07334624419947,0.00138981949238136,0.0826125057089039,"SLIT3;ADAMTS1;IGF1;SRPX;IL33;OGN;CYP1B1;SFRP1;TGFBR3;NGFR;PODN;SFRP4;ATM;ETS1;BTG1;CSF1R;PTGDS;CR1;KLF9;TNFAIP3;INPP5D;DPT;ENG;NFIB;SERPINF1;BTG2;FRZB;FBLN1;PLA2G2A;IL6ST;SERPINE2;APOD;TP53INP1;SCG2;DLC1;IGFBP7;DUSP1;TGFB3;LAPTM5;PDCD4;ROBO1;RGS5;CCL2;F2R;ZBTB16;SMAD4;DAB2;IGFBP5;ZEB1;LILRB4;MYC;HLA-DRB1;IAPP;BMP5;LRRC32;MTSS1;GPNMB;VSIG4;RARRES1;RBP4;NOTCH1;APOE;SOD2;PMP22;ABCC8;NDRG2;SFRP2;THBS1;CEBPA;SST"
6,"Genomics-only","genomics_only","GO_BP","GOBP_T_CELL_DIFFERENTIATION",55,1.14892040125612,0.00135300362750368,0.0826125057089039,"PREX1;PTPRC;DOCK2;IL7R;FGL2;NCKAP1L;CD4;GPR183;CCL19;CR1;HLA-DOA;PIK3R1;IL6ST;SOCS3;HLA-DRA;TGFBR2;CD74;EGR3;ZBTB16;LIPA;ZEB1;LILRB4;HLA-DRB1;EGR1"
6,"Genomics-only","genomics_only","GO_BP","GOBP_REGULATION_OF_LOCOMOTION",301,1.05847392207858,0.00148185921466055,0.0855667849379707,"FZD4;PREX1;TNXB;DOCK10;PTPRC;ADAMTS1;ITGA4;IGF1;IL16;IL33;DOCK8;CXCR4;PECAM1;CYP1B1;CXCL12;SFRP1;SLIT2;TGFBR3;NGFR;SPOCK2;NCKAP1L;PODN;CORO1A;ATM;PLVAP;GPR183;ETS1;MMRN1;CSF1R;CCL5;SELP;CCL19;THBS4;PIK3R1;RELN;ENG;LAMA2;ARHGDIB;ADAMTS9;NR4A3;ZEB2;ATP8A1;SYNPO2;FBLN1;ENPP2;SERPINE2;APOD;TP53INP1;IL1R1;FLRT2;CCL21;SCG2;DLC1;SELE;DUSP1;PDGFRA;TGFBR2;AKAP12;CD74;ROBO1;AQP1;CCL2;F2R;AKT3;FGFR1;SMOC2;ITGAX;NRP1;DAB2;FGF7;IGFBP5;DCN;SEMA6A;JAM3;PDGFD;ARHGAP4;NEDD9;ROCK1;BMP5;TIMP1;GPNMB;SEMA5A;AMOTL1;LIMCH1;PLXND1;SORL1;LRP1;LAMB1;ICAM1;PHLDB2;NOTCH1;APOE;SOD2;PLXNC1;DPEP1;SERPINE1;DDR2;FERMT2;XBP1;ABCC8;SFRP2"
6,"Genomics-only","genomics_only","GO_BP","GOBP_REGULATION_OF_LYMPHOCYTE_ACTIVATION",101,1.09606640522234,0.00175797877787988,0.0960236516241956,"PTPRC;IGF1;DOCK8;IL7R;FGL2;SFRP1;NCKAP1L;CORO1A;CD4;ATM;GPR183;CCL5;TNFRSF1B;CCL19;CR1;HLA-DOA;TNFAIP3;INPP5D;HLA-DPB1;HLA-DPA1;PLA2G2A;HLA-DMB;IL6ST;HLA-DRA;CCL21;TGFBR2;LAPTM5;CD74;HLA-DQA1;EGR3;CCL2;HLA-DMA;ZBTB16;ZEB1;LILRB4;HLA-DQB1;HLA-DRB1;NEDD9;LRRC32"
6,"Genomics-only","genomics_only","GO_BP","GOBP_T_CELL_ACTIVATION",123,1.09016683593212,0.00173957079221963,0.0960236516241956,"PREX1;WDFY4;PTPRC;DOCK2;IGF1;DOCK8;IL7R;ITGAL;PECAM1;FGL2;NCKAP1L;CORO1A;CD4;GPR183;CCL5;TNFRSF1B;CCL19;CR1;HLA-DOA;PIK3R1;LCP1;HLA-DPB1;HLA-DPA1;CD1C;PLA2G2A;HLA-DMB;IL6ST;SOCS3;HLA-DRA;CCL21;TGFBR2;LAPTM5;CD74;HLA-DQA1;EGR3;CCL2;HLA-DMA;ZBTB16;LIPA;ZEB1;LILRB4;HLA-DQB1;MYC;HLA-DRB1;EGR1;LRRC32"
7,"Adverse","survival_active","PDAC_custom","DeSurv_D3_BasalLikeTumor",259,1.07711079901524,6.82482137019751e-05,0.000614233923317776,"ITGA3;GAPDH;CDCP1;SLC16A3;ITGB4;SLC2A1;FSCN1;LAMB3;PFKP;ALDOA;PPL;HMGA1;ANGPTL4;CAV2;KRT7;KRT19;ARHGAP23;CDH3;GJB3;SEMA4B;PTPRU;LRRC8A;NDRG1;TMSB10;S100A16;BCL2L1;PERP;EPHA2;KRT16;TNFRSF12A;TNFRSF21;MPZL2;TUBA1C;DDIT4;UNC13D;SCNN1A;CEBPB;CAMK2N1;ABLIM3;STEAP3;TM4SF1;CSTB;MALL;APOL1;ANO1;CRABP2;S100A11;AMIGO2;PLOD1;EFNB2;CD9;MGST1;C19orf33;LY6E;SLPI;KRT17;ALDH3B1;ID1;SMAD3;SLC7A5;EPHB4;FKBP4;FAM83H;MAL2;KCNN4;PMEPA1;CLDN1;PLEK2;ITPKC;PADI1;PLA2G16;S100A10;TAGLN2;MT2A;H1F0;MAFF;SIK1;SFN;GRB7;SDC1;COL17A1;GPRC5A;PLAUR;SERINC2;MMP28;KRT18;B3GNT3;SH3BGRL3;B4GALT1;S100A14;PYGB;TRIM29;BHLHE40;PKP3;ESRP1;RPL8;JUP;C15orf48;PSCA;RARRES3;PPP1R15A;SLC39A4;PROM2;IFI27;TAP2;MYEOV;LOXL2;IFITM3;ARRDC2;HSPA1A;OCIAD2;CAPG;KLF5;IL1RN;CLDN4;IFITM1;TSPAN1;TXN;CA12;GSTP1;LGALS3;DNAJB1;SEMA3B;OAS1;CA9;MUC4;RPS16;CX3CL1;BAIAP2L1"
7,"Adverse","survival_active","KEGG","KEGG_MEDICUS_REFERENCE_GF_RTK_PI3K_SIGNALING_PATHWAY",33,1.23334443245107,0.000141704925358148,0.00113363940286518,"MET;AREG;EREG;EGFR;EPHA2;TGFA;VEGFA;EFNA5"
7,"Adverse","survival_active","KEGG","KEGG_MEDICUS_REFERENCE_GF_RTK_RAS_PI3K_SIGNALING_PATHWAY",33,1.23334443245107,0.000141704925358148,0.00113363940286518,"MET;AREG;EREG;EGFR;EPHA2;TGFA;VEGFA;EFNA5"
7,"Adverse","survival_active","KEGG","KEGG_MEDICUS_REFERENCE_GF_RTK_RAS_ERK_SIGNALING_PATHWAY",31,1.23165165926238,0.000225592784374047,0.00120316151666158,"MET;AREG;EREG;EGFR;EPHA2;TGFA;VEGFA;EFNA5"
7,"Adverse","survival_active","Reactome","REACTOME_DEVELOPMENTAL_CELL_LINEAGES",98,1.13382679215868,2.94664294084673e-05,0.0101659181459212,"ITGB4;LAMB3;LAMC2;ANXA1;AREG;KRT7;KRT19;GJB3;LAMA3;ANXA2;EGFR;ITGA6;TGFA;KRT15;CD44;LAMA5;SLPI;KRT17;ITGB1;KRT5;DMKN;KRT18;MME;ANXA3;YAP1"
7,"Adverse","survival_active","PDAC_custom","Bailey_Squamous",28,1.15690322707796,0.00665537019646392,0.0299491658840876,"BCAR3;S100A2;FSCN1;HMGA2;CAV1;ANXA1;ARHGAP23;EREG;SLC20A1;EGFR;KRT6A;CD44;CEBPB;RND3;TGFBI;A2ML1;PYGL;SNAI2;KRT5;MT2A;RDX;TNC"
7,"Adverse","survival_active","Reactome","REACTOME_NEGATIVE_REGULATION_OF_THE_PI3K_AKT_NETWORK",30,1.21567111087392,0.000453413586919724,0.0782138437436524,"MET;AREG;EREG;IL1RAP;EGFR;TGFA"
