"strength","arm","seed","rec_mean","frac_recov","c_index","n_iter"
0,"YFB_tuned",1,0.934203220927638,1,0.505717255717256,10
0,"YFB_alpha0",1,0.93461284963092,1,0.5,14
0,"LB_tuned",1,0.926963825277973,1,0.514033264033264,18
0,"PCA_Cox",1,0.661336131516104,0.75,0.501559251559252,NA
0,"EBMF",1,0.934062860578006,1,0.51039501039501,4
0,"YFB_tuned",2,0.934834136119406,1,0.549571603427173,12
0,"YFB_alpha0",2,0.934918515057182,1,0.5,14
0,"LB_tuned",2,0.652520652043179,0.75,0.567319461444308,11
0,"PCA_Cox",2,0.708646236222028,0.75,0.598531211750306,NA
0,"EBMF",2,0.93611256969753,1,0.604039167686659,4
0,"YFB_tuned",3,0.92886489802267,1,0.511574074074074,9
0,"YFB_alpha0",3,0.928815490402282,1,0.5,10
0,"LB_tuned",3,0.672007494672612,0.75,0.519675925925926,11
0,"PCA_Cox",3,0.636600813627681,0.5,0.508101851851852,NA
0,"EBMF",3,0.37014697660989,0.25,0.518518518518518,2
0,"YFB_tuned",4,0.665150683705467,0.5,0.517415730337079,10
0,"YFB_alpha0",4,0.934752706898894,1,0.5,23
0,"LB_tuned",4,0.926797216191946,1,0.517415730337079,12
0,"PCA_Cox",4,0.700712462169047,0.75,0.537640449438202,NA
0,"EBMF",4,0.935432878977937,1,0.541573033707865,4
0,"YFB_tuned",5,0.9386316142657,1,0.502067336089781,10
0,"YFB_alpha0",5,0.938832076006371,1,0.5,13
0,"LB_tuned",5,0.65173410537715,0.75,0.513290017720024,11
0,"PCA_Cox",5,0.702815509834028,0.75,0.520968694624926,NA
0,"EBMF",5,0.938692778351295,1,0.523331364441819,4
0.25,"YFB_tuned",1,0.934667324138754,1,0.567611777535442,18
0.25,"YFB_alpha0",1,0.934645950322199,1,0.5,10
0.25,"LB_tuned",1,0.927628147392115,1,0.587241003271538,21
0.25,"PCA_Cox",1,0.6712718877308,0.75,0.582333696837514,NA
0.25,"EBMF",1,0.934078981915913,1,0.579607415485278,4
0.25,"YFB_tuned",2,0.930447273545754,1,0.530769230769231,10
0.25,"YFB_alpha0",2,0.930343738116342,1,0.5,12
0.25,"LB_tuned",2,0.642039102404252,0.5,0.559340659340659,14
0.25,"PCA_Cox",2,0.710482306449471,0.75,0.58021978021978,NA
0.25,"EBMF",2,0.930796426338648,1,0.597802197802198,4
0.25,"YFB_tuned",3,0.925753680922462,1,0.655948553054662,14
0.25,"YFB_alpha0",3,0.925786830937232,1,0.5,11
0.25,"LB_tuned",3,0.675684053870795,0.75,0.660771704180064,14
0.25,"PCA_Cox",3,0.589076374186502,0.25,0.67416934619507,NA
0.25,"EBMF",3,0.686206106296761,0.75,0.662379421221865,3
0.25,"YFB_tuned",4,0.932648692946078,1,0.706593406593407,16
0.25,"YFB_alpha0",4,0.932648692946078,1,0.5,16
0.25,"LB_tuned",4,0.899131145616301,1,0.626373626373626,18
0.25,"PCA_Cox",4,0.684221941181442,0.75,0.641758241758242,NA
0.25,"EBMF",4,0.932749236192492,1,0.654945054945055,4
0.25,"YFB_tuned",5,0.936711787309274,1,0.645576407506702,13
0.25,"YFB_alpha0",5,0.936740912793341,1,0.5,14
0.25,"LB_tuned",5,0.683281637928737,0.75,0.638069705093834,16
0.25,"PCA_Cox",5,0.633734217810701,0.5,0.648257372654156,NA
0.25,"EBMF",5,0.936677198513601,1,0.653619302949062,4
0.5,"YFB_tuned",1,0.937300659436797,1,0.675920982381207,29
0.5,"YFB_alpha0",1,0.937295976783405,1,0.5,16
0.5,"LB_tuned",1,0.93014897360064,1,0.688734650293647,20
0.5,"PCA_Cox",1,0.68652815589406,0.75,0.674853176721837,NA
0.5,"EBMF",1,0.677081354990192,0.75,0.661505605979712,3
0.5,"YFB_tuned",2,0.937312485234027,1,0.666095890410959,21
0.5,"YFB_alpha0",2,0.937222612635514,1,0.5,12
0.5,"LB_tuned",2,0.627592630862496,0.5,0.590753424657534,41
0.5,"PCA_Cox",2,0.715344430869818,0.75,0.664954337899543,NA
0.5,"EBMF",2,0.937095452514689,1,0.665525114155251,4
0.5,"YFB_tuned",3,0.924410799493678,1,0.77648839556004,23
0.5,"YFB_alpha0",3,0.924612834623291,1,0.5,13
0.5,"LB_tuned",3,0.680367282434503,0.75,0.699293642785066,44
0.5,"PCA_Cox",3,0.554102419539618,0.5,0.75933400605449,NA
0.5,"EBMF",3,0.402985462571633,0.25,0.599394550958628,2
0.5,"YFB_tuned",4,0.933999354504959,1,0.722437673130194,30
0.5,"YFB_alpha0",4,0.934055156302291,1,0.5,11
0.5,"LB_tuned",4,0.689053610570711,0.75,0.712465373961219,20
0.5,"PCA_Cox",4,0.719875311930878,0.75,0.721883656509695,NA
0.5,"EBMF",4,0.934351913836834,1,0.728531855955679,4
0.5,"YFB_tuned",5,0.9359864769511,1,0.802061855670103,25
0.5,"YFB_alpha0",5,0.935958571642727,1,0.5,10
0.5,"LB_tuned",5,0.683175129573217,0.75,0.795876288659794,23
0.5,"PCA_Cox",5,0.684582557708033,0.5,0.801030927835052,NA
0.5,"EBMF",5,0.935649245505883,1,0.806185567010309,4
1,"YFB_tuned",1,0.934811540806296,1,0.805962854349951,30
1,"YFB_alpha0",1,0.934785874182005,1,0.5,10
1,"LB_tuned",1,0.680829254454157,0.75,0.812316715542522,30
1,"PCA_Cox",1,0.678186211272793,0.75,0.785923753665689,NA
1,"EBMF",1,0.934249918493029,1,0.804985337243402,4
1,"YFB_tuned",2,0.937273660057758,1,0.7085628442664,37
1,"YFB_alpha0",2,0.937284151613372,1,0.5,11
1,"LB_tuned",2,0.677915527890614,0.75,0.682023034551828,44
1,"PCA_Cox",2,0.676916537400751,0.75,0.701552328492739,NA
1,"EBMF",2,0.938064939530697,1,0.70806209313971,4
1,"YFB_tuned",3,0.924313508339244,1,0.862208713272543,32
1,"YFB_alpha0",3,0.924430731745335,1,0.5,13
1,"LB_tuned",3,0.657597673200009,0.75,0.827760891590679,13
1,"PCA_Cox",3,0.577839975127744,0.25,0.832826747720365,NA
1,"EBMF",3,0.405181506408592,0.25,0.555217831813577,2
1,"YFB_tuned",4,0.938181952343534,1,0.812439729990357,41
1,"YFB_alpha0",4,0.938199677454905,1,0.5,15
1,"LB_tuned",4,0.930473924261139,1,0.816297010607522,31
1,"PCA_Cox",4,0.737067752061634,0.75,0.814368370298939,NA
1,"EBMF",4,0.937929487090085,1,0.811957569913211,4
1,"YFB_tuned",5,0.937046499261275,1,0.854483096521313,32
1,"YFB_alpha0",5,0.936978110645486,1,0.5,12
1,"LB_tuned",5,0.681608135731091,0.75,0.841744243018128,32
1,"PCA_Cox",5,0.764932991718567,0.5,0.856932876041156,NA
1,"EBMF",5,0.936941630253463,1,0.85546300832925,4
2,"YFB_tuned",1,0.935255965310319,1,0.875378623972306,62
2,"YFB_alpha0",1,0.935252278212288,1,0.5,11
2,"LB_tuned",1,0.63599360845275,0.5,0.860666378191259,51
2,"PCA_Cox",1,0.691143454017965,0.75,0.866291648636954,NA
2,"EBMF",1,0.934859222371628,1,0.875378623972306,4
2,"YFB_tuned",2,0.939629886194662,1,0.843867924528302,69
2,"YFB_alpha0",2,0.939544476149077,1,0.5,10
2,"LB_tuned",2,0.624088865056259,0.5,0.642452830188679,52
2,"PCA_Cox",2,0.708966735147217,0.75,0.818396226415094,NA
2,"EBMF",2,0.940516357880718,1,0.84622641509434,4
2,"YFB_tuned",3,0.927771536658963,1,0.919724770642202,73
2,"YFB_alpha0",3,0.927643828106081,1,0.5,12
2,"LB_tuned",3,0.655851924959218,0.75,0.864220183486239,61
2,"PCA_Cox",3,0.55513013515287,0.5,0.885779816513761,NA
2,"EBMF",3,0.405142168926566,0.25,0.645412844036697,2
2,"YFB_tuned",4,0.936961120500214,1,0.906040268456376,90
2,"YFB_alpha0",4,0.936857230218341,1,0.5,16
2,"LB_tuned",4,0.682852797127104,0.75,0.898849472674976,11
2,"PCA_Cox",4,0.719879161370829,0.5,0.904122722914669,NA
2,"EBMF",4,0.937524695548065,1,0.908916586768936,4
2,"YFB_tuned",5,0.937083672821685,1,0.926786497150373,67
2,"YFB_alpha0",5,0.937276682912053,1,0.5,24
2,"LB_tuned",5,0.68603660897593,0.75,0.913634370889961,44
2,"PCA_Cox",5,0.709977800678326,0.75,0.925032880315651,NA
2,"EBMF",5,0.937178849695911,1,0.927663305567733,4
4,"YFB_tuned",1,0.927167779235545,1,0.940926476838079,93
4,"YFB_alpha0",1,0.927185244027009,1,0.5,9
4,"LB_tuned",1,0.67774085929377,0.75,0.917977050573736,60
4,"PCA_Cox",1,0.673233304556782,0.75,0.945601359966001,NA
4,"EBMF",1,0.926451166399363,1,0.942201444963876,4
4,"YFB_tuned",2,0.933484609644533,1,0.910565541429198,96
4,"YFB_alpha0",2,0.933405018485187,1,0.5,13
4,"LB_tuned",2,0.368718309725305,0.25,0.750986409469531,300
4,"PCA_Cox",2,0.688267979017756,0.75,0.873301183691363,NA
4,"EBMF",2,0.934836040763199,1,0.912319158263919,4
4,"YFB_tuned",3,0.929313699823414,1,0.932246998284734,113
4,"YFB_alpha0",3,0.929393653201607,1,0.5,12
4,"LB_tuned",3,0.672051375606676,0.75,0.846912521440823,59
4,"PCA_Cox",3,0.590292580608323,0.5,0.874785591766724,NA
4,"EBMF",3,0.353548845053021,0.25,0.648799313893654,2
4,"YFB_tuned",4,0.935315267644382,1,0.929832113646147,145
4,"YFB_alpha0",4,0.935327839428901,1,0.5,12
4,"LB_tuned",4,0.927659068188369,1,0.934567369780456,41
4,"PCA_Cox",4,0.690697333646586,0.5,0.907877744296169,NA
4,"EBMF",4,0.935807907570509,1,0.931123547137322,4
4,"YFB_tuned",5,0.935894579831869,1,0.942672413793104,99
4,"YFB_alpha0",5,0.935774654169726,1,0.5,13
4,"LB_tuned",5,0.683568668798114,0.75,0.935775862068966,31
4,"PCA_Cox",5,0.631762723772541,0.75,0.94051724137931,NA
4,"EBMF",5,0.935865621154885,1,0.942241379310345,4
