"train_mode","section","prior_beta","cohort","factor_k","ebeta"
"tcga_only","2_pdac_train","point_normal",NA,1,0
"tcga_only","2_pdac_train","point_normal",NA,2,0
"tcga_only","2_pdac_train","point_normal",NA,3,0
"tcga_only","2_pdac_train","point_normal",NA,4,0
"tcga_only","2_pdac_train","point_normal",NA,5,0
"tcga_only","2_pdac_train","point_normal",NA,6,0
"tcga_only","2_pdac_train","point_normal",NA,7,0
"tcga_only","2_pdac_train","point_normal",NA,8,0
"tcga_only","2_pdac_train","point_normal",NA,9,0
"tcga_only","2_pdac_train","point_normal",NA,10,0
"tcga_only","2_pdac_train","normal",NA,1,0
"tcga_only","2_pdac_train","normal",NA,2,-5.67694948781242e-15
"tcga_only","2_pdac_train","normal",NA,3,3.16940214705355e-14
"tcga_only","2_pdac_train","normal",NA,4,5.32349436261727e-14
"tcga_only","2_pdac_train","normal",NA,5,5.4360030186319e-13
"tcga_only","2_pdac_train","normal",NA,6,9.84942650348303e-14
"tcga_only","2_pdac_train","normal",NA,7,-3.13460738006289e-14
"tcga_only","2_pdac_train","normal",NA,8,-5.04762292764585e-14
"tcga_only","2_pdac_train","normal",NA,9,7.13135516945657e-14
"tcga_only","2_pdac_train","normal",NA,10,1.19934884148215e-13
"tcga_only","3_external","point_normal","Dijk",1,0
"tcga_only","3_external","point_normal","Dijk",2,0
"tcga_only","3_external","point_normal","Dijk",3,0
"tcga_only","3_external","point_normal","Dijk",4,0
"tcga_only","3_external","point_normal","Dijk",5,0
"tcga_only","3_external","point_normal","Dijk",6,0
"tcga_only","3_external","point_normal","Dijk",7,0
"tcga_only","3_external","point_normal","Dijk",8,0
"tcga_only","3_external","point_normal","Dijk",9,0
"tcga_only","3_external","point_normal","Dijk",10,0
"tcga_only","3_external","point_normal","Moffitt_GEO_array",1,0
"tcga_only","3_external","point_normal","Moffitt_GEO_array",2,0
"tcga_only","3_external","point_normal","Moffitt_GEO_array",3,0
"tcga_only","3_external","point_normal","Moffitt_GEO_array",4,0
"tcga_only","3_external","point_normal","Moffitt_GEO_array",5,0
"tcga_only","3_external","point_normal","Moffitt_GEO_array",6,0
"tcga_only","3_external","point_normal","Moffitt_GEO_array",7,0
"tcga_only","3_external","point_normal","Moffitt_GEO_array",8,0
"tcga_only","3_external","point_normal","Moffitt_GEO_array",9,0
"tcga_only","3_external","point_normal","Moffitt_GEO_array",10,0
"tcga_only","3_external","point_normal","PACA_AU_array",1,0
"tcga_only","3_external","point_normal","PACA_AU_array",2,0
"tcga_only","3_external","point_normal","PACA_AU_array",3,0
"tcga_only","3_external","point_normal","PACA_AU_array",4,0
"tcga_only","3_external","point_normal","PACA_AU_array",5,0
"tcga_only","3_external","point_normal","PACA_AU_array",6,0
"tcga_only","3_external","point_normal","PACA_AU_array",7,0
"tcga_only","3_external","point_normal","PACA_AU_array",8,0
"tcga_only","3_external","point_normal","PACA_AU_array",9,0
"tcga_only","3_external","point_normal","PACA_AU_array",10,0
"tcga_only","3_external","point_normal","PACA_AU_seq",1,0
"tcga_only","3_external","point_normal","PACA_AU_seq",2,0
"tcga_only","3_external","point_normal","PACA_AU_seq",3,0
"tcga_only","3_external","point_normal","PACA_AU_seq",4,0
"tcga_only","3_external","point_normal","PACA_AU_seq",5,0
"tcga_only","3_external","point_normal","PACA_AU_seq",6,0
"tcga_only","3_external","point_normal","PACA_AU_seq",7,0
"tcga_only","3_external","point_normal","PACA_AU_seq",8,0
"tcga_only","3_external","point_normal","PACA_AU_seq",9,0
"tcga_only","3_external","point_normal","PACA_AU_seq",10,0
"tcga_only","3_external","point_normal","Puleo_array",1,0
"tcga_only","3_external","point_normal","Puleo_array",2,0
"tcga_only","3_external","point_normal","Puleo_array",3,0
"tcga_only","3_external","point_normal","Puleo_array",4,0
"tcga_only","3_external","point_normal","Puleo_array",5,0
"tcga_only","3_external","point_normal","Puleo_array",6,0
"tcga_only","3_external","point_normal","Puleo_array",7,0
"tcga_only","3_external","point_normal","Puleo_array",8,0
"tcga_only","3_external","point_normal","Puleo_array",9,0
"tcga_only","3_external","point_normal","Puleo_array",10,0
"tcga_only","3_external","normal","Dijk",1,0
"tcga_only","3_external","normal","Dijk",2,-5.67694948781242e-15
"tcga_only","3_external","normal","Dijk",3,3.16940214705355e-14
"tcga_only","3_external","normal","Dijk",4,5.32349436261727e-14
"tcga_only","3_external","normal","Dijk",5,5.4360030186319e-13
"tcga_only","3_external","normal","Dijk",6,9.84942650348303e-14
"tcga_only","3_external","normal","Dijk",7,-3.13460738006289e-14
"tcga_only","3_external","normal","Dijk",8,-5.04762292764585e-14
"tcga_only","3_external","normal","Dijk",9,7.13135516945657e-14
"tcga_only","3_external","normal","Dijk",10,1.19934884148215e-13
"tcga_only","3_external","normal","Moffitt_GEO_array",1,0
"tcga_only","3_external","normal","Moffitt_GEO_array",2,-5.67694948781242e-15
"tcga_only","3_external","normal","Moffitt_GEO_array",3,3.16940214705355e-14
"tcga_only","3_external","normal","Moffitt_GEO_array",4,5.32349436261727e-14
"tcga_only","3_external","normal","Moffitt_GEO_array",5,5.4360030186319e-13
"tcga_only","3_external","normal","Moffitt_GEO_array",6,9.84942650348303e-14
"tcga_only","3_external","normal","Moffitt_GEO_array",7,-3.13460738006289e-14
"tcga_only","3_external","normal","Moffitt_GEO_array",8,-5.04762292764585e-14
"tcga_only","3_external","normal","Moffitt_GEO_array",9,7.13135516945657e-14
"tcga_only","3_external","normal","Moffitt_GEO_array",10,1.19934884148215e-13
"tcga_only","3_external","normal","PACA_AU_array",1,0
"tcga_only","3_external","normal","PACA_AU_array",2,-5.67694948781242e-15
"tcga_only","3_external","normal","PACA_AU_array",3,3.16940214705355e-14
"tcga_only","3_external","normal","PACA_AU_array",4,5.32349436261727e-14
"tcga_only","3_external","normal","PACA_AU_array",5,5.4360030186319e-13
"tcga_only","3_external","normal","PACA_AU_array",6,9.84942650348303e-14
"tcga_only","3_external","normal","PACA_AU_array",7,-3.13460738006289e-14
"tcga_only","3_external","normal","PACA_AU_array",8,-5.04762292764585e-14
"tcga_only","3_external","normal","PACA_AU_array",9,7.13135516945657e-14
"tcga_only","3_external","normal","PACA_AU_array",10,1.19934884148215e-13
"tcga_only","3_external","normal","PACA_AU_seq",1,0
"tcga_only","3_external","normal","PACA_AU_seq",2,-5.67694948781242e-15
"tcga_only","3_external","normal","PACA_AU_seq",3,3.16940214705355e-14
"tcga_only","3_external","normal","PACA_AU_seq",4,5.32349436261727e-14
"tcga_only","3_external","normal","PACA_AU_seq",5,5.4360030186319e-13
"tcga_only","3_external","normal","PACA_AU_seq",6,9.84942650348303e-14
"tcga_only","3_external","normal","PACA_AU_seq",7,-3.13460738006289e-14
"tcga_only","3_external","normal","PACA_AU_seq",8,-5.04762292764585e-14
"tcga_only","3_external","normal","PACA_AU_seq",9,7.13135516945657e-14
"tcga_only","3_external","normal","PACA_AU_seq",10,1.19934884148215e-13
"tcga_only","3_external","normal","Puleo_array",1,0
"tcga_only","3_external","normal","Puleo_array",2,-5.67694948781242e-15
"tcga_only","3_external","normal","Puleo_array",3,3.16940214705355e-14
"tcga_only","3_external","normal","Puleo_array",4,5.32349436261727e-14
"tcga_only","3_external","normal","Puleo_array",5,5.4360030186319e-13
"tcga_only","3_external","normal","Puleo_array",6,9.84942650348303e-14
"tcga_only","3_external","normal","Puleo_array",7,-3.13460738006289e-14
"tcga_only","3_external","normal","Puleo_array",8,-5.04762292764585e-14
"tcga_only","3_external","normal","Puleo_array",9,7.13135516945657e-14
"tcga_only","3_external","normal","Puleo_array",10,1.19934884148215e-13
